<?xml version='1.0' encoding='UTF-8'?>
<content id="" typecode="BCR" typedescr="BOLLETTINO DI CRITICITA'">
<descr>BOLLETTINO DI CRITICITA' PER  Sabato 26 settembre 2020</descr>
<groups mainGroup="free" />
<categories />
<attributes>
<attribute attributetype="Text" name="Titolo">
<text lang="it">BOLLETTINO DI CRITICITA'</text>
</attribute>
<attribute attributetype="Date" name="Data">
<date>20200926</date>
</attribute>
<attribute attributetype="Text" name="Ora">
<text lang="it">1548</text>
</attribute>
<attribute attributetype="Text" name="Filename">
<text lang="it">20200926_1548</text>
</attribute>
<attribute attributetype="Hypertext" name="Giornata_di_oggi">
<hypertext lang="it"><![CDATA[<p>Per la giornata di oggi, Sabato 26 settembre 2020:<br/>	<b>MODERATA CRITICITA' PER RISCHIO IDRAULICO / ALLERTA ARANCIONE:</b><br />	<b>Calabria</b>: Versante Tirrenico Centro-meridionale, Versante Tirrenico Centro-settentrionale, Versante Tirrenico Settentrionale<br />	<b>MODERATA CRITICITA' PER RISCHIO TEMPORALI / ALLERTA ARANCIONE:</b><br />	<b>Calabria</b>: Versante Tirrenico Centro-meridionale, Versante Tirrenico Centro-settentrionale, Versante Tirrenico Settentrionale<br />	<b>MODERATA CRITICITA' PER RISCHIO IDROGEOLOGICO / ALLERTA ARANCIONE:</b><br />	<b>Basilicata</b>: Basi-A2, Basi-A1, Basi-C, Basi-D<br />	<b>Calabria</b>: Versante Tirrenico Centro-meridionale, Versante Tirrenico Centro-settentrionale, Versante Tirrenico Settentrionale<br />	<b>ORDINARIA CRITICITA' PER RISCHIO IDRAULICO / ALLERTA GIALLA:</b><br />	<b>Basilicata</b>: Basi-A2, Basi-A1, Basi-C, Basi-B, Basi-E2, Basi-E1, Basi-D<br />	<b>Calabria</b>: Versante Jonico Centro-settentrionale, Versante Tirrenico Meridionale, Versante Jonico Meridionale, Versante Jionico Centro-meridionale, Versante Jonico Settentrionale<br />	<b>ORDINARIA CRITICITA' PER RISCHIO TEMPORALI / ALLERTA GIALLA:</b><br />	<b>Basilicata</b>: Basi-A2, Basi-A1, Basi-C, Basi-D<br />	<b>Calabria</b>: Versante Jonico Centro-settentrionale, Versante Tirrenico Meridionale, Versante Jonico Meridionale, Versante Jionico Centro-meridionale, Versante Jonico Settentrionale<br />	<b>Molise</b>: Frentani - Sannio - Matese, Litoranea, Alto Volturno - Medio Sangro<br />	<b>Puglia</b>: Salento, Tavoliere - bassi bacini del Candelaro, Cervaro e Carapelle, Basso Fortore, Gargano e Tremiti, Puglia Centrale Adriatica, Sub-Appennino Dauno, Basso Ofanto, Bacini del Lato e del Lenne, Puglia Centrale Bradanica<br />	<b>ORDINARIA CRITICITA' PER RISCHIO IDROGEOLOGICO / ALLERTA GIALLA:</b><br />	<b>Basilicata</b>: Basi-B, Basi-E2, Basi-E1<br />	<b>Calabria</b>: Versante Jonico Centro-settentrionale, Versante Tirrenico Meridionale, Versante Jonico Meridionale, Versante Jionico Centro-meridionale, Versante Jonico Settentrionale<br />	<b>Campania</b>: Alto Volturno e Matese, Piana Sele e Alto Cilento, Tusciano e Alto Sele, Alta Irpinia e Sannio, Penisola sorrentino-amalfitana, Monti di Sarno e Monti Picentini, Piana campana, Napoli, Isole e Area vesuviana, Basso Cilento, Tanagro<br />	<b>Molise</b>: Frentani - Sannio - Matese, Alto Volturno - Medio Sangro<br />	<b>Puglia</b>: Salento, Tavoliere - bassi bacini del Candelaro, Cervaro e Carapelle, Basso Fortore, Gargano e Tremiti, Puglia Centrale Adriatica, Sub-Appennino Dauno, Basso Ofanto, Bacini del Lato e del Lenne, Puglia Centrale Bradanica<br />	<b>Umbria</b>: Trasimeno - Nestore, Chiani - Paglia, Chiascio - Topino, Nera - Corno, Alto Tevere, Medio Tevere<br /> </p>]]></hypertext>
</attribute>
<attribute attributetype="Text" name="coordinate_oggi">
<text lang="it" />
</attribute>
<attribute attributetype="Text" name="colori_oggi">
<text lang="it" />
</attribute>
<attribute attributetype="Hypertext" name="Giornata_di_domani">
<hypertext lang="it"><![CDATA[<p>Per la giornata di domani, Domenica 27 settembre 2020:<br/>	<b>MODERATA CRITICITA' PER RISCHIO IDRAULICO / ALLERTA ARANCIONE:</b><br />	<b>Calabria</b>: Versante Tirrenico Centro-meridionale, Versante Tirrenico Centro-settentrionale, Versante Tirrenico Settentrionale<br />	<b>MODERATA CRITICITA' PER RISCHIO TEMPORALI / ALLERTA ARANCIONE:</b><br />	<b>Calabria</b>: Versante Tirrenico Centro-meridionale, Versante Tirrenico Centro-settentrionale, Versante Tirrenico Settentrionale<br />	<b>Lazio</b>: Bacini Costieri Sud, Bacino del Liri, Bacini di Roma<br />	<b>Puglia</b>: Tavoliere - bassi bacini del Candelaro, Cervaro e Carapelle, Basso Fortore, Gargano e Tremiti, Sub-Appennino Dauno<br />	<b>MODERATA CRITICITA' PER RISCHIO IDROGEOLOGICO / ALLERTA ARANCIONE:</b><br />	<b>Basilicata</b>: Basi-A2, Basi-A1, Basi-C, Basi-D<br />	<b>Calabria</b>: Versante Tirrenico Centro-meridionale, Versante Tirrenico Centro-settentrionale, Versante Tirrenico Settentrionale<br />	<b>Campania</b>: Alto Volturno e Matese, Piana Sele e Alto Cilento, Tusciano e Alto Sele, Alta Irpinia e Sannio, Penisola sorrentino-amalfitana, Monti di Sarno e Monti Picentini, Piana campana, Napoli, Isole e Area vesuviana, Basso Cilento, Tanagro<br />	<b>Lazio</b>: Bacini Costieri Sud, Bacino del Liri, Bacini di Roma<br />	<b>Puglia</b>: Tavoliere - bassi bacini del Candelaro, Cervaro e Carapelle, Basso Fortore, Gargano e Tremiti, Sub-Appennino Dauno<br />	<b>Sardegna</b>: Bacino del Tirso, Logudoro<br />	<b>ORDINARIA CRITICITA' PER RISCHIO IDRAULICO / ALLERTA GIALLA:</b><br />	<b>Basilicata</b>: Basi-A2, Basi-A1, Basi-C, Basi-B, Basi-E2, Basi-E1, Basi-D<br />	<b>Calabria</b>: Versante Jonico Centro-settentrionale, Versante Tirrenico Meridionale, Versante Jonico Meridionale, Versante Jionico Centro-meridionale, Versante Jonico Settentrionale<br />	<b>Lazio</b>: Aniene, Bacini Costieri Sud, Bacino del Liri, Bacini Costieri Nord, Bacini di Roma<br />	<b>Marche</b>: Marc-3, Marc-1<br />	<b>Sardegna</b>: Logudoro<br />	<b>Sicilia</b>: Nord-Orientale, versante ionico, Nord-Occidentale e isole Egadi e Ustica, Sud-Orientale, versante Stretto di Sicilia, Sud-Orientale, versante ionico, Bacino del Fiume Simeto, Centro-Meridionale e isole Pelagie, Sud-Occidentale e isola di Pantelleria, Centro-Settentrionale, versante tirrenico, Nord-Orientale, versante tirrenico e isole Eolie<br />	<b>ORDINARIA CRITICITA' PER RISCHIO TEMPORALI / ALLERTA GIALLA:</b><br />	<b>Abruzzo</b>: Bacino Basso del Sangro, Bacino del Pescara, Bacino dell'Aterno, Bacini Tordino Vomano, Marsica, Bacino Alto del Sangro<br />	<b>Basilicata</b>: Basi-A2, Basi-A1, Basi-C, Basi-B, Basi-E2, Basi-E1, Basi-D<br />	<b>Calabria</b>: Versante Jonico Centro-settentrionale, Versante Tirrenico Meridionale, Versante Jonico Meridionale, Versante Jionico Centro-meridionale, Versante Jonico Settentrionale<br />	<b>Emilia Romagna</b>: Pianura emiliana centrale, Bacini emiliani orientali, Pianura e costa romagnola, Bacini romagnoli, Pianura emiliana orientale e costa Ferrarese, Bacini emiliani centrali<br />	<b>Lazio</b>: Aniene, Bacini Costieri Nord, Bacino Medio Tevere, Appennino di Rieti<br />	<b>Marche</b>: Marc-3, Marc-2, Marc-1, Marc-6, Marc-5, Marc-4<br />	<b>Molise</b>: Frentani - Sannio - Matese, Litoranea, Alto Volturno - Medio Sangro<br />	<b>Puglia</b>: Salento, Puglia Centrale Adriatica, Basso Ofanto, Bacini del Lato e del Lenne, Puglia Centrale Bradanica<br />	<b>Sardegna</b>: Bacini Flumendosa - Flumineddu, Iglesiente, Campidano, Bacini Montevecchio - Pischilappiu, Gallura, Bacino del Tirso, Logudoro<br />	<b>Sicilia</b>: Nord-Orientale, versante ionico, Nord-Occidentale e isole Egadi e Ustica, Sud-Orientale, versante Stretto di Sicilia, Sud-Orientale, versante ionico, Bacino del Fiume Simeto, Centro-Meridionale e isole Pelagie, Sud-Occidentale e isola di Pantelleria, Centro-Settentrionale, versante tirrenico, Nord-Orientale, versante tirrenico e isole Eolie<br />	<b>Umbria</b>: Trasimeno - Nestore, Chiani - Paglia, Chiascio - Topino, Nera - Corno, Alto Tevere, Medio Tevere<br />	<b>ORDINARIA CRITICITA' PER RISCHIO IDROGEOLOGICO / ALLERTA GIALLA:</b><br />	<b>Abruzzo</b>: Bacino Basso del Sangro, Bacino del Pescara, Bacino dell'Aterno, Bacini Tordino Vomano, Marsica, Bacino Alto del Sangro<br />	<b>Basilicata</b>: Basi-B, Basi-E2, Basi-E1<br />	<b>Calabria</b>: Versante Jonico Centro-settentrionale, Versante Tirrenico Meridionale, Versante Jonico Meridionale, Versante Jionico Centro-meridionale, Versante Jonico Settentrionale<br />	<b>Emilia Romagna</b>: Bacini emiliani orientali, Pianura e costa romagnola, Bacini romagnoli<br />	<b>Lazio</b>: Aniene, Bacini Costieri Nord, Bacino Medio Tevere, Appennino di Rieti<br />	<b>Marche</b>: Marc-3, Marc-1, Marc-5<br />	<b>Molise</b>: Frentani - Sannio - Matese, Litoranea, Alto Volturno - Medio Sangro<br />	<b>Puglia</b>: Salento, Puglia Centrale Adriatica, Basso Ofanto, Bacini del Lato e del Lenne, Puglia Centrale Bradanica<br />	<b>Sardegna</b>: Bacini Montevecchio - Pischilappiu, Gallura<br />	<b>Sicilia</b>: Nord-Orientale, versante ionico, Nord-Occidentale e isole Egadi e Ustica, Sud-Orientale, versante Stretto di Sicilia, Sud-Orientale, versante ionico, Bacino del Fiume Simeto, Centro-Meridionale e isole Pelagie, Sud-Occidentale e isola di Pantelleria, Centro-Settentrionale, versante tirrenico, Nord-Orientale, versante tirrenico e isole Eolie<br />	<b>Toscana</b>: Ombrone Gr-Medio, Valdichiana, Etruria, Fiora e Albegna, Fiora e Albegna-Costa e Giglio, Isole, Arno-Casentino, Etruria-Costa Nord, Etruria-Costa Sud, Reno, Romagna-Toscana, Valtiberina, Ombrone Gr-Costa<br />	<b>Umbria</b>: Trasimeno - Nestore, Chiani - Paglia, Chiascio - Topino, Nera - Corno, Alto Tevere, Medio Tevere<br /> </p>]]></hypertext>
</attribute>
<attribute attributetype="Text" name="coordinate_domani">
<text lang="it" />
</attribute>
<attribute attributetype="Text" name="colori_domani">
<text lang="it" />
</attribute>
<attribute attributetype="Hypertext" name="Note">
<hypertext lang="it"><![CDATA[Regione Basilicata:  Come disposto con nota prot. N. 56425/24AF del 01/04/2019, per l’area della frana di Pomarico, di cui all’O.C.D.P.C. n. 578 del 21/02/2019, i livelli di allerta previsionali vanno incrementati di un ordine, pertanto, data come allerta minima GIALLA, in caso di situazione previsionale per BASI B ed E2 gialla, per l’area frana di Pomarico il livello di allerta corrispondente sarà ARANCIONE; per situazione previsionale per BASI B ed E2 arancione, il livello di allerta corrispondente sarà ROSSO;
Regione Campania: per la validità temporale della criticità si rimanda al bollettino regionale.]]></hypertext>
</attribute>
<attribute attributetype="Date" name="data_aggiornamento">
<date>20200926</date>
</attribute>
<attribute attributetype="Text" name="ora_aggiornamento">
<text lang="it">1545</text>
</attribute>
<attribute attributetype="Text" name="tipo_bollettino">
<text lang="it">first</text>
</attribute>
</attributes>
<status />
<version />
</content>